image_path,actual,predicted,disagreement_score,model_disagreements
data/test\DIRT\aug_169_dirt.png,DIRT,DIRT,0.4,"{'DIRT', 'LEAF'}"
data/test\LEAF\aug_324_leaf.png,LEAF,DIRT,0.4,"{'DIRT', 'LEAF'}"
data/test\DIRT\aug_242_dirt.png,DIRT,DIRT,0.4,"{'DIRT', 'LEAF'}"
data/test\LEAF\aug_356_leaf.png,LEAF,LEAF,0.4,"{'DIRT', 'LEAF'}"
data/test\DIRT\aug_411_dirt.png,DIRT,DIRT,0.4,"{'DIRT', 'LEAF'}"
data/test\GRASS\aug_386_grass.png,GRASS,GRASS,0.4,"{'GRASS', 'LEAF'}"
data/test\GRASS\aug_9_grass.png,GRASS,GRASS,0.4,"{'GRASS', 'LEAF'}"
data/test\LEAF\aug_209_leaf.png,LEAF,LEAF,0.4,"{'DIRT', 'LEAF'}"
data/test\MIX\aug_130_mix.png,MIX,MIX,0.4,"{'MIX', 'DIRT'}"
data/test\DIRT\aug_61_dirt.png,DIRT,DIRT,0.4,"{'MIX', 'DIRT'}"
data/test\LEAF\aug_495_leaf.png,LEAF,LEAF,0.6,"{'MIX', 'DIRT', 'LEAF'}"
data/test\MIX\aug_424_mix.png,MIX,MIX,0.4,"{'MIX', 'DIRT'}"
data/test\LEAF\aug_88_leaf.png,LEAF,LEAF,0.4,"{'DIRT', 'LEAF'}"
data/test\GRASS\aug_110_grass.png,GRASS,GRASS,0.6,"{'DIRT', 'GRASS', 'LEAF'}"
data/test\LEAF\aug_486_leaf.png,LEAF,DIRT,0.4,"{'DIRT', 'LEAF'}"
data/test\DIRT\aug_32_dirt.png,DIRT,DIRT,0.4,"{'MIX', 'DIRT'}"
data/test\LEAF\aug_375_leaf.png,LEAF,DIRT,0.8,"{'MIX', 'DIRT', 'GRASS', 'LEAF'}"
data/test\GRASS\aug_479_grass.png,GRASS,GRASS,0.4,"{'GRASS', 'LEAF'}"
data/test\DIRT\aug_174_dirt.png,DIRT,DIRT,0.4,"{'DIRT', 'LEAF'}"
data/test\MIX\aug_247_mix.png,MIX,MIX,0.4,"{'MIX', 'DIRT'}"
data/test\GRASS\aug_44_grass.png,GRASS,GRASS,0.4,"{'GRASS', 'LEAF'}"
data/test\MIX\aug_304_mix.png,MIX,MIX,0.6,"{'MIX', 'GRASS', 'LEAF'}"
data/test\DIRT\aug_405_dirt.png,DIRT,DIRT,0.6,"{'DIRT', 'GRASS', 'LEAF'}"
data/test\LEAF\aug_432_leaf.png,LEAF,LEAF,0.4,"{'DIRT', 'LEAF'}"
data/test\LEAF\aug_119_leaf.png,LEAF,LEAF,0.6,"{'DIRT', 'GRASS', 'LEAF'}"
data/test\GRASS\aug_341_grass.png,GRASS,LEAF,0.6,"{'DIRT', 'GRASS', 'LEAF'}"
data/test\LEAF\aug_221_leaf.png,LEAF,LEAF,0.8,"{'MIX', 'DIRT', 'GRASS', 'LEAF'}"
data/test\DIRT\aug_274_dirt.png,DIRT,DIRT,0.4,"{'DIRT', 'LEAF'}"
data/test\DIRT\aug_28_dirt.png,DIRT,DIRT,0.4,"{'MIX', 'DIRT'}"
data/test\GRASS\aug_22_grass.png,GRASS,GRASS,0.4,"{'GRASS', 'LEAF'}"
data/test\LEAF\aug_451_leaf.png,LEAF,LEAF,0.4,"{'DIRT', 'LEAF'}"
data/test\DIRT\aug_245_dirt.png,DIRT,DIRT,0.4,"{'DIRT', 'LEAF'}"
data/test\LEAF\aug_193_leaf.png,LEAF,DIRT,0.6,"{'DIRT', 'GRASS', 'LEAF'}"
data/test\DIRT\aug_144_dirt.png,DIRT,DIRT,0.6,"{'MIX', 'DIRT', 'GRASS'}"
data/test\MIX\aug_171_mix.png,MIX,MIX,0.4,"{'MIX', 'DIRT'}"
data/test\MIX\aug_93_mix.png,MIX,MIX,0.4,"{'MIX', 'GRASS'}"
data/test\LEAF\aug_109_leaf.png,LEAF,LEAF,0.4,"{'DIRT', 'LEAF'}"
data/test\MIX\aug_240_mix.png,MIX,MIX,0.4,"{'MIX', 'DIRT'}"
data/test\DIRT\aug_74_dirt.png,DIRT,DIRT,0.6,"{'MIX', 'DIRT', 'GRASS'}"
data/test\LEAF\aug_211_leaf.png,LEAF,LEAF,0.4,"{'DIRT', 'LEAF'}"
data/test\MIX\aug_470_mix.png,MIX,MIX,0.6,"{'MIX', 'DIRT', 'GRASS'}"
data/test\MIX\aug_16_mix.png,MIX,MIX,0.4,"{'MIX', 'DIRT'}"
data/test\LEAF\aug_14_leaf.png,LEAF,DIRT,0.4,"{'DIRT', 'LEAF'}"
data/test\DIRT\aug_12_dirt.png,DIRT,DIRT,0.4,"{'DIRT', 'LEAF'}"
data/test\DIRT\aug_39_dirt.png,DIRT,DIRT,0.4,"{'DIRT', 'GRASS'}"
data/test\GRASS\aug_464_grass.png,GRASS,GRASS,0.4,"{'GRASS', 'LEAF'}"
data/test\MIX\aug_315_mix.png,MIX,MIX,0.4,"{'MIX', 'DIRT'}"
data/test\MIX\aug_227_mix.png,MIX,MIX,0.4,"{'MIX', 'DIRT'}"
data/test\LEAF\aug_329_leaf.png,LEAF,LEAF,0.6,"{'MIX', 'DIRT', 'LEAF'}"
data/test\GRASS\aug_334_grass.png,GRASS,LEAF,0.4,"{'DIRT', 'LEAF'}"
data/test\DIRT\aug_377_dirt.png,DIRT,DIRT,0.4,"{'DIRT', 'LEAF'}"
data/test\LEAF\aug_239_leaf.png,LEAF,DIRT,0.6,"{'MIX', 'DIRT', 'LEAF'}"
data/test\DIRT\aug_285_dirt.png,DIRT,DIRT,0.6,"{'DIRT', 'GRASS', 'LEAF'}"
data/test\LEAF\aug_377_leaf.png,LEAF,LEAF,0.6,"{'MIX', 'DIRT', 'LEAF'}"
data/test\LEAF\aug_478_leaf.png,LEAF,LEAF,0.4,"{'DIRT', 'LEAF'}"
data/test\DIRT\aug_79_dirt.png,DIRT,DIRT,0.4,"{'DIRT', 'GRASS'}"
data/test\DIRT\aug_442_dirt.png,DIRT,DIRT,0.4,"{'DIRT', 'LEAF'}"
data/test\LEAF\aug_413_leaf.png,LEAF,LEAF,0.4,"{'DIRT', 'LEAF'}"
data/test\GRASS\aug_358_grass.png,GRASS,GRASS,0.4,"{'GRASS', 'LEAF'}"
data/test\DIRT\aug_85_dirt.png,DIRT,DIRT,0.4,"{'DIRT', 'LEAF'}"
data/test\LEAF\aug_142_leaf.png,LEAF,DIRT,0.4,"{'DIRT', 'LEAF'}"
data/test\DIRT\aug_166_dirt.png,DIRT,DIRT,0.4,"{'DIRT', 'LEAF'}"
data/test\LEAF\aug_283_leaf.png,LEAF,LEAF,0.4,"{'DIRT', 'LEAF'}"
data/test\DIRT\aug_420_dirt.png,DIRT,DIRT,0.6,"{'MIX', 'DIRT', 'GRASS'}"
data/test\DIRT\aug_428_dirt.png,DIRT,DIRT,0.4,"{'DIRT', 'LEAF'}"
data/test\LEAF\aug_471_leaf.png,LEAF,LEAF,0.4,"{'DIRT', 'LEAF'}"
data/test\MIX\aug_291_mix.png,MIX,MIX,0.6,"{'MIX', 'DIRT', 'LEAF'}"
data/test\GRASS\aug_114_grass.png,GRASS,GRASS,0.4,"{'GRASS', 'LEAF'}"
data/test\DIRT\aug_325_dirt.png,DIRT,DIRT,0.4,"{'DIRT', 'LEAF'}"
data/test\GRASS\aug_361_grass.png,GRASS,GRASS,0.4,"{'GRASS', 'LEAF'}"
data/test\DIRT\aug_6_dirt.png,DIRT,DIRT,0.4,"{'DIRT', 'LEAF'}"
data/test\LEAF\aug_60_leaf.png,LEAF,LEAF,0.4,"{'DIRT', 'LEAF'}"
data/test\MIX\aug_210_mix.png,MIX,MIX,0.8,"{'MIX', 'DIRT', 'GRASS', 'LEAF'}"
data/test\MIX\aug_435_mix.png,MIX,MIX,0.6,"{'MIX', 'DIRT', 'GRASS'}"
data/test\MIX\aug_307_mix.png,MIX,MIX,0.4,"{'MIX', 'DIRT'}"
data/test\DIRT\aug_326_dirt.png,DIRT,DIRT,0.4,"{'DIRT', 'LEAF'}"
data/test\DIRT\aug_184_dirt.png,DIRT,DIRT,0.6,"{'DIRT', 'GRASS', 'LEAF'}"
data/test\LEAF\aug_42_leaf.png,LEAF,DIRT,0.4,"{'DIRT', 'LEAF'}"
data/test\DIRT\aug_128_dirt.png,DIRT,DIRT,0.4,"{'DIRT', 'LEAF'}"
data/test\LEAF\aug_207_leaf.png,LEAF,LEAF,0.4,"{'DIRT', 'LEAF'}"
data/test\DIRT\aug_376_dirt.png,DIRT,DIRT,0.4,"{'MIX', 'DIRT'}"
data/test\GRASS\aug_368_grass.png,GRASS,GRASS,0.4,"{'GRASS', 'LEAF'}"
data/test\DIRT\aug_121_dirt.png,DIRT,DIRT,0.6,"{'DIRT', 'GRASS', 'LEAF'}"
data/test\MIX\aug_311_mix.png,MIX,MIX,0.4,"{'MIX', 'DIRT'}"
data/test\MIX\aug_137_mix.png,MIX,MIX,0.6,"{'MIX', 'DIRT', 'LEAF'}"
data/test\LEAF\aug_475_leaf.png,LEAF,LEAF,0.4,"{'DIRT', 'LEAF'}"
data/test\MIX\aug_109_mix.png,MIX,MIX,0.6,"{'MIX', 'DIRT', 'LEAF'}"
data/test\MIX\aug_135_mix.png,MIX,MIX,0.4,"{'MIX', 'DIRT'}"
data/test\LEAF\aug_131_leaf.png,LEAF,LEAF,0.4,"{'DIRT', 'LEAF'}"
data/test\GRASS\aug_421_grass.png,GRASS,LEAF,0.4,"{'GRASS', 'LEAF'}"
data/test\LEAF\aug_448_leaf.png,LEAF,LEAF,0.6,"{'DIRT', 'GRASS', 'LEAF'}"
data/test\MIX\aug_155_mix.png,MIX,MIX,0.4,"{'MIX', 'DIRT'}"
data/test\MIX\aug_232_mix.png,MIX,MIX,0.4,"{'MIX', 'DIRT'}"
data/test\LEAF\aug_386_leaf.png,LEAF,LEAF,0.4,"{'DIRT', 'LEAF'}"
data/test\DIRT\aug_106_dirt.png,DIRT,DIRT,0.6,"{'DIRT', 'GRASS', 'LEAF'}"
data/test\DIRT\aug_301_dirt.png,DIRT,DIRT,0.4,"{'DIRT', 'LEAF'}"
data/test\LEAF\aug_1_leaf.png,LEAF,LEAF,0.6,"{'MIX', 'DIRT', 'LEAF'}"
data/test\DIRT\aug_35_dirt.png,DIRT,DIRT,0.4,"{'DIRT', 'LEAF'}"
data/test\DIRT\aug_215_dirt.png,DIRT,DIRT,0.4,"{'DIRT', 'LEAF'}"
data/test\MIX\aug_473_mix.png,MIX,MIX,0.4,"{'MIX', 'LEAF'}"
data/test\LEAF\aug_17_leaf.png,LEAF,LEAF,0.8,"{'MIX', 'DIRT', 'GRASS', 'LEAF'}"
data/test\DIRT\aug_8_dirt.png,DIRT,DIRT,0.4,"{'MIX', 'DIRT'}"
data/test\MIX\aug_52_mix.png,MIX,MIX,0.8,"{'MIX', 'DIRT', 'GRASS', 'LEAF'}"
data/test\MIX\aug_146_mix.png,MIX,MIX,0.4,"{'MIX', 'DIRT'}"
data/test\DIRT\aug_208_dirt.png,DIRT,DIRT,0.4,"{'DIRT', 'LEAF'}"
data/test\MIX\aug_161_mix.png,MIX,MIX,0.4,"{'MIX', 'DIRT'}"
data/test\MIX\aug_481_mix.png,MIX,MIX,0.4,"{'MIX', 'DIRT'}"
data/test\LEAF\aug_291_leaf.png,LEAF,LEAF,0.4,"{'DIRT', 'LEAF'}"
data/test\GRASS\aug_8_grass.png,GRASS,GRASS,0.4,"{'GRASS', 'LEAF'}"
data/test\LEAF\aug_19_leaf.png,LEAF,DIRT,0.6,"{'MIX', 'DIRT', 'LEAF'}"
data/test\GRASS\aug_441_grass.png,GRASS,GRASS,0.6,"{'DIRT', 'GRASS', 'LEAF'}"
data/test\DIRT\aug_313_dirt.png,DIRT,DIRT,0.4,"{'DIRT', 'LEAF'}"
data/test\DIRT\aug_65_dirt.png,DIRT,DIRT,0.4,"{'DIRT', 'LEAF'}"
data/test\LEAF\aug_401_leaf.png,LEAF,LEAF,0.4,"{'DIRT', 'LEAF'}"
data/test\MIX\aug_479_mix.png,MIX,MIX,0.4,"{'MIX', 'DIRT'}"
data/test\DIRT\aug_462_dirt.png,DIRT,DIRT,0.4,"{'DIRT', 'LEAF'}"
data/test\MIX\aug_385_mix.png,MIX,MIX,0.4,"{'MIX', 'GRASS'}"
data/test\LEAF\aug_28_leaf.png,LEAF,LEAF,0.6,"{'MIX', 'DIRT', 'LEAF'}"
data/test\DIRT\aug_496_dirt.png,DIRT,DIRT,0.6,"{'DIRT', 'GRASS', 'LEAF'}"
data/test\DIRT\aug_380_dirt.png,DIRT,DIRT,0.6,"{'DIRT', 'GRASS', 'LEAF'}"
data/test\MIX\aug_99_mix.png,MIX,MIX,0.4,"{'MIX', 'DIRT'}"
data/test\MIX\aug_387_mix.png,MIX,MIX,0.4,"{'MIX', 'GRASS'}"
data/test\LEAF\aug_113_leaf.png,LEAF,LEAF,0.4,"{'DIRT', 'LEAF'}"
data/test\DIRT\aug_201_dirt.png,DIRT,DIRT,0.6,"{'DIRT', 'GRASS', 'LEAF'}"
data/test\LEAF\aug_313_leaf.png,LEAF,DIRT,0.8,"{'MIX', 'DIRT', 'GRASS', 'LEAF'}"
data/test\DIRT\aug_102_dirt.png,DIRT,DIRT,0.6,"{'MIX', 'DIRT', 'GRASS'}"
data/test\GRASS\aug_140_grass.png,GRASS,GRASS,0.4,"{'GRASS', 'LEAF'}"
data/test\DIRT\aug_485_dirt.png,DIRT,DIRT,0.4,"{'DIRT', 'LEAF'}"
data/test\LEAF\aug_167_leaf.png,LEAF,DIRT,0.4,"{'DIRT', 'LEAF'}"
data/test\DIRT\aug_186_dirt.png,DIRT,DIRT,0.4,"{'DIRT', 'LEAF'}"
data/test\DIRT\aug_419_dirt.png,DIRT,DIRT,0.4,"{'DIRT', 'LEAF'}"
data/test\LEAF\aug_200_leaf.png,LEAF,DIRT,0.4,"{'DIRT', 'LEAF'}"
data/test\LEAF\aug_223_leaf.png,LEAF,LEAF,0.4,"{'DIRT', 'LEAF'}"
data/test\LEAF\aug_168_leaf.png,LEAF,LEAF,0.4,"{'DIRT', 'LEAF'}"
data/test\DIRT\aug_249_dirt.png,DIRT,DIRT,0.4,"{'DIRT', 'LEAF'}"
data/test\LEAF\aug_146_leaf.png,LEAF,DIRT,0.8,"{'MIX', 'DIRT', 'GRASS', 'LEAF'}"
data/test\MIX\aug_177_mix.png,MIX,MIX,0.4,"{'MIX', 'DIRT'}"
data/test\LEAF\aug_147_leaf.png,LEAF,LEAF,0.4,"{'DIRT', 'LEAF'}"
data/test\MIX\aug_124_mix.png,MIX,MIX,0.4,"{'MIX', 'DIRT'}"
data/test\LEAF\aug_423_leaf.png,LEAF,DIRT,0.6,"{'MIX', 'DIRT', 'LEAF'}"
data/test\DIRT\aug_124_dirt.png,DIRT,DIRT,0.4,"{'DIRT', 'LEAF'}"
data/test\GRASS\aug_250_grass.png,GRASS,GRASS,0.4,"{'GRASS', 'LEAF'}"
data/test\LEAF\aug_440_leaf.png,LEAF,LEAF,0.4,"{'DIRT', 'LEAF'}"
data/test\LEAF\aug_259_leaf.png,LEAF,LEAF,0.6,"{'MIX', 'DIRT', 'LEAF'}"
data/test\DIRT\aug_214_dirt.png,DIRT,DIRT,0.4,"{'DIRT', 'LEAF'}"
data/test\GRASS\aug_144_grass.png,GRASS,GRASS,0.4,"{'GRASS', 'LEAF'}"
data/test\MIX\aug_336_mix.png,MIX,MIX,0.4,"{'MIX', 'DIRT'}"
data/test\LEAF\aug_188_leaf.png,LEAF,LEAF,0.6,"{'MIX', 'DIRT', 'LEAF'}"
data/test\GRASS\aug_23_grass.png,GRASS,GRASS,0.4,"{'GRASS', 'LEAF'}"
data/test\MIX\aug_43_mix.png,MIX,MIX,0.4,"{'MIX', 'LEAF'}"
data/test\MIX\aug_242_mix.png,MIX,MIX,0.4,"{'MIX', 'GRASS'}"
data/test\LEAF\aug_320_leaf.png,LEAF,LEAF,0.4,"{'DIRT', 'LEAF'}"
data/test\DIRT\aug_177_dirt.png,DIRT,DIRT,0.4,"{'DIRT', 'LEAF'}"
data/test\DIRT\aug_421_dirt.png,DIRT,DIRT,0.4,"{'DIRT', 'LEAF'}"
data/test\LEAF\aug_84_leaf.png,LEAF,LEAF,0.4,"{'DIRT', 'LEAF'}"
data/test\DIRT\aug_362_dirt.png,DIRT,DIRT,0.4,"{'DIRT', 'LEAF'}"
data/test\GRASS\aug_215_grass.png,GRASS,GRASS,0.4,"{'GRASS', 'LEAF'}"
data/test\GRASS\aug_432_grass.png,GRASS,GRASS,0.4,"{'GRASS', 'LEAF'}"
data/test\DIRT\aug_92_dirt.png,DIRT,DIRT,0.4,"{'DIRT', 'LEAF'}"
data/test\LEAF\aug_197_leaf.png,LEAF,LEAF,0.4,"{'DIRT', 'LEAF'}"
data/test\LEAF\aug_459_leaf.png,LEAF,LEAF,0.6,"{'MIX', 'DIRT', 'LEAF'}"
data/test\LEAF\aug_301_leaf.png,LEAF,LEAF,0.6,"{'MIX', 'DIRT', 'LEAF'}"
data/test\MIX\aug_375_mix.png,MIX,MIX,0.4,"{'MIX', 'DIRT'}"
data/test\GRASS\aug_4_grass.png,GRASS,GRASS,0.4,"{'GRASS', 'LEAF'}"
data/test\DIRT\aug_42_dirt.png,DIRT,DIRT,0.6,"{'DIRT', 'GRASS', 'LEAF'}"
data/test\MIX\aug_263_mix.png,MIX,MIX,0.4,"{'MIX', 'DIRT'}"
data/test\GRASS\aug_212_grass.png,GRASS,GRASS,0.4,"{'GRASS', 'LEAF'}"
data/test\LEAF\aug_16_leaf.png,LEAF,DIRT,0.4,"{'DIRT', 'LEAF'}"
data/test\DIRT\aug_139_dirt.png,DIRT,DIRT,0.6,"{'DIRT', 'GRASS', 'LEAF'}"
data/test\MIX\aug_136_mix.png,MIX,MIX,0.6,"{'MIX', 'DIRT', 'LEAF'}"
data/test\LEAF\aug_436_leaf.png,LEAF,LEAF,0.4,"{'DIRT', 'LEAF'}"
data/test\DIRT\aug_370_dirt.png,DIRT,DIRT,0.4,"{'DIRT', 'LEAF'}"
data/test\LEAF\aug_294_leaf.png,LEAF,LEAF,0.4,"{'DIRT', 'LEAF'}"
data/test\LEAF\aug_387_leaf.png,LEAF,LEAF,0.4,"{'DIRT', 'LEAF'}"
data/test\LEAF\aug_216_leaf.png,LEAF,LEAF,0.6,"{'DIRT', 'GRASS', 'LEAF'}"
data/test\DIRT\aug_57_dirt.png,DIRT,DIRT,0.4,"{'DIRT', 'LEAF'}"
data/test\LEAF\aug_399_leaf.png,LEAF,DIRT,0.4,"{'DIRT', 'LEAF'}"
data/test\DIRT\aug_69_dirt.png,DIRT,DIRT,0.4,"{'DIRT', 'LEAF'}"
data/test\LEAF\aug_44_leaf.png,LEAF,DIRT,0.4,"{'DIRT', 'LEAF'}"
data/test\LEAF\aug_422_leaf.png,LEAF,LEAF,0.4,"{'DIRT', 'LEAF'}"
data/test\DIRT\aug_393_dirt.png,DIRT,DIRT,0.4,"{'DIRT', 'LEAF'}"
data/test\DIRT\aug_276_dirt.png,DIRT,DIRT,0.4,"{'DIRT', 'LEAF'}"
data/test\DIRT\aug_188_dirt.png,DIRT,DIRT,0.4,"{'DIRT', 'LEAF'}"
data/test\DIRT\aug_250_dirt.png,DIRT,DIRT,0.4,"{'DIRT', 'LEAF'}"
data/test\LEAF\aug_332_leaf.png,LEAF,LEAF,0.4,"{'DIRT', 'LEAF'}"
data/test\MIX\aug_221_mix.png,MIX,MIX,0.4,"{'MIX', 'DIRT'}"
data/test\LEAF\aug_442_leaf.png,LEAF,LEAF,0.4,"{'DIRT', 'LEAF'}"
data/test\LEAF\aug_74_leaf.png,LEAF,LEAF,0.4,"{'DIRT', 'LEAF'}"
data/test\MIX\aug_431_mix.png,MIX,MIX,0.4,"{'MIX', 'DIRT'}"
data/test\DIRT\aug_75_dirt.png,DIRT,DIRT,0.4,"{'DIRT', 'LEAF'}"
data/test\LEAF\aug_135_leaf.png,LEAF,LEAF,0.4,"{'DIRT', 'LEAF'}"
data/test\GRASS\aug_175_grass.png,GRASS,GRASS,0.6,"{'DIRT', 'GRASS', 'LEAF'}"
data/test\DIRT\aug_232_dirt.png,DIRT,DIRT,0.6,"{'DIRT', 'GRASS', 'LEAF'}"
data/test\DIRT\aug_247_dirt.png,DIRT,DIRT,0.4,"{'MIX', 'DIRT'}"
data/test\DIRT\aug_346_dirt.png,DIRT,DIRT,0.4,"{'DIRT', 'LEAF'}"
data/test\GRASS\aug_309_grass.png,GRASS,GRASS,0.4,"{'GRASS', 'LEAF'}"
data/test\LEAF\aug_186_leaf.png,LEAF,LEAF,0.4,"{'GRASS', 'LEAF'}"
data/test\LEAF\aug_420_leaf.png,LEAF,LEAF,0.6,"{'MIX', 'DIRT', 'LEAF'}"
data/test\DIRT\aug_135_dirt.png,DIRT,DIRT,0.4,"{'DIRT', 'LEAF'}"
data/test\LEAF\aug_46_leaf.png,LEAF,LEAF,0.4,"{'DIRT', 'LEAF'}"
data/test\DIRT\aug_137_dirt.png,DIRT,DIRT,0.4,"{'DIRT', 'LEAF'}"
data/test\LEAF\aug_268_leaf.png,LEAF,LEAF,0.4,"{'DIRT', 'LEAF'}"
data/test\LEAF\aug_363_leaf.png,LEAF,LEAF,0.4,"{'DIRT', 'LEAF'}"
data/test\LEAF\aug_91_leaf.png,LEAF,GRASS,0.4,"{'GRASS', 'LEAF'}"
data/test\MIX\aug_110_mix.png,MIX,MIX,0.4,"{'MIX', 'LEAF'}"
data/test\DIRT\aug_117_dirt.png,DIRT,DIRT,0.4,"{'DIRT', 'LEAF'}"
data/test\MIX\aug_331_mix.png,MIX,MIX,0.4,"{'MIX', 'DIRT'}"
data/test\MIX\aug_389_mix.png,MIX,MIX,0.4,"{'MIX', 'DIRT'}"
data/test\DIRT\aug_67_dirt.png,DIRT,DIRT,0.4,"{'DIRT', 'LEAF'}"
data/test\LEAF\aug_477_leaf.png,LEAF,LEAF,0.4,"{'DIRT', 'LEAF'}"
data/test\MIX\aug_426_mix.png,MIX,MIX,0.6,"{'MIX', 'DIRT', 'GRASS'}"
data/test\LEAF\aug_262_leaf.png,LEAF,DIRT,0.4,"{'DIRT', 'LEAF'}"
data/test\DIRT\aug_331_dirt.png,DIRT,DIRT,0.4,"{'DIRT', 'LEAF'}"
data/test\DIRT\aug_217_dirt.png,DIRT,DIRT,0.4,"{'DIRT', 'LEAF'}"
data/test\LEAF\aug_191_leaf.png,LEAF,LEAF,0.4,"{'DIRT', 'LEAF'}"
data/test\LEAF\aug_449_leaf.png,LEAF,LEAF,0.4,"{'DIRT', 'LEAF'}"
data/test\LEAF\aug_433_leaf.png,LEAF,LEAF,0.4,"{'DIRT', 'LEAF'}"
data/test\MIX\aug_59_mix.png,MIX,MIX,0.4,"{'MIX', 'DIRT'}"
data/test\DIRT\aug_344_dirt.png,DIRT,DIRT,0.4,"{'DIRT', 'LEAF'}"
data/test\DIRT\aug_415_dirt.png,DIRT,DIRT,0.4,"{'DIRT', 'LEAF'}"
data/test\MIX\aug_53_mix.png,MIX,MIX,0.4,"{'MIX', 'DIRT'}"
data/test\LEAF\aug_460_leaf.png,LEAF,DIRT,0.4,"{'DIRT', 'LEAF'}"
data/test\GRASS\aug_359_grass.png,GRASS,GRASS,0.4,"{'GRASS', 'LEAF'}"
data/test\MIX\aug_175_mix.png,MIX,MIX,0.4,"{'MIX', 'LEAF'}"
data/test\GRASS\aug_458_grass.png,GRASS,GRASS,0.4,"{'GRASS', 'LEAF'}"
data/test\MIX\aug_441_mix.png,MIX,MIX,0.4,"{'MIX', 'DIRT'}"
data/test\LEAF\aug_287_leaf.png,LEAF,LEAF,0.4,"{'DIRT', 'LEAF'}"
data/test\MIX\aug_469_mix.png,MIX,MIX,0.6,"{'MIX', 'DIRT', 'LEAF'}"
data/test\DIRT\aug_481_dirt.png,DIRT,DIRT,0.4,"{'DIRT', 'LEAF'}"
data/test\LEAF\aug_230_leaf.png,LEAF,LEAF,0.4,"{'DIRT', 'LEAF'}"
data/test\GRASS\aug_371_grass.png,GRASS,LEAF,0.4,"{'GRASS', 'LEAF'}"
data/test\LEAF\aug_404_leaf.png,LEAF,LEAF,0.4,"{'DIRT', 'LEAF'}"
data/test\GRASS\aug_353_grass.png,GRASS,GRASS,0.4,"{'GRASS', 'LEAF'}"
data/test\DIRT\aug_294_dirt.png,DIRT,DIRT,0.4,"{'DIRT', 'LEAF'}"
data/test\LEAF\aug_25_leaf.png,LEAF,LEAF,0.4,"{'DIRT', 'LEAF'}"
data/test\DIRT\aug_235_dirt.png,DIRT,DIRT,0.4,"{'DIRT', 'LEAF'}"
data/test\MIX\aug_378_mix.png,MIX,MIX,0.4,"{'MIX', 'DIRT'}"
data/test\DIRT\aug_199_dirt.png,DIRT,DIRT,0.4,"{'MIX', 'DIRT'}"
data/test\DIRT\aug_365_dirt.png,DIRT,DIRT,0.4,"{'DIRT', 'LEAF'}"
data/test\LEAF\aug_394_leaf.png,LEAF,LEAF,0.4,"{'DIRT', 'LEAF'}"
data/test\LEAF\aug_322_leaf.png,LEAF,GRASS,0.4,"{'GRASS', 'LEAF'}"
data/test\LEAF\aug_380_leaf.png,LEAF,LEAF,0.4,"{'DIRT', 'LEAF'}"
data/test\DIRT\aug_0_dirt.png,DIRT,DIRT,0.4,"{'DIRT', 'LEAF'}"
data/test\MIX\aug_324_mix.png,MIX,MIX,0.4,"{'MIX', 'DIRT'}"
data/test\DIRT\aug_7_dirt.png,DIRT,DIRT,0.4,"{'DIRT', 'LEAF'}"
data/test\LEAF\aug_149_leaf.png,LEAF,LEAF,0.6,"{'DIRT', 'GRASS', 'LEAF'}"
data/test\LEAF\aug_455_leaf.png,LEAF,DIRT,0.4,"{'DIRT', 'LEAF'}"
data/test\DIRT\aug_491_dirt.png,DIRT,DIRT,0.6,"{'MIX', 'DIRT', 'GRASS'}"
data/test\MIX\aug_88_mix.png,MIX,MIX,0.4,"{'MIX', 'DIRT'}"
data/test\DIRT\aug_273_dirt.png,DIRT,DIRT,0.4,"{'DIRT', 'LEAF'}"
data/test\MIX\aug_319_mix.png,MIX,MIX,0.4,"{'MIX', 'DIRT'}"
data/test\LEAF\aug_183_leaf.png,LEAF,LEAF,0.4,"{'DIRT', 'LEAF'}"
data/test\GRASS\aug_143_grass.png,GRASS,GRASS,0.4,"{'GRASS', 'LEAF'}"
data/test\DIRT\aug_291_dirt.png,DIRT,DIRT,0.4,"{'DIRT', 'LEAF'}"
data/test\DIRT\aug_78_dirt.png,DIRT,DIRT,0.4,"{'MIX', 'DIRT'}"
data/test\LEAF\aug_306_leaf.png,LEAF,LEAF,0.4,"{'DIRT', 'LEAF'}"
data/test\DIRT\aug_330_dirt.png,DIRT,DIRT,0.4,"{'DIRT', 'GRASS'}"
data/test\MIX\aug_31_mix.png,MIX,MIX,0.8,"{'MIX', 'DIRT', 'GRASS', 'LEAF'}"
data/test\DIRT\aug_328_dirt.png,DIRT,DIRT,0.4,"{'MIX', 'DIRT'}"
data/test\MIX\aug_152_mix.png,MIX,MIX,0.4,"{'MIX', 'DIRT'}"
data/test\GRASS\aug_160_grass.png,GRASS,GRASS,0.4,"{'GRASS', 'LEAF'}"
data/test\LEAF\aug_100_leaf.png,LEAF,LEAF,0.4,"{'DIRT', 'LEAF'}"
data/test\DIRT\aug_212_dirt.png,DIRT,DIRT,0.4,"{'DIRT', 'LEAF'}"
data/test\DIRT\aug_321_dirt.png,DIRT,DIRT,0.6,"{'DIRT', 'GRASS', 'LEAF'}"
data/test\LEAF\aug_195_leaf.png,LEAF,LEAF,0.6,"{'MIX', 'DIRT', 'LEAF'}"
data/test\DIRT\aug_334_dirt.png,DIRT,DIRT,0.6,"{'MIX', 'DIRT', 'GRASS'}"
data/test\MIX\aug_486_mix.png,MIX,MIX,0.4,"{'MIX', 'LEAF'}"
data/test\DIRT\aug_51_dirt.png,DIRT,DIRT,0.4,"{'DIRT', 'GRASS'}"
data/test\DIRT\aug_307_dirt.png,DIRT,DIRT,0.4,"{'DIRT', 'LEAF'}"
data/test\GRASS\aug_288_grass.png,GRASS,GRASS,0.4,"{'GRASS', 'LEAF'}"
data/test\LEAF\aug_32_leaf.png,LEAF,LEAF,0.4,"{'DIRT', 'LEAF'}"
data/test\GRASS\aug_239_grass.png,GRASS,GRASS,0.4,"{'GRASS', 'LEAF'}"
data/test\DIRT\aug_90_dirt.png,DIRT,DIRT,0.4,"{'DIRT', 'LEAF'}"
data/test\LEAF\aug_374_leaf.png,LEAF,LEAF,0.4,"{'DIRT', 'LEAF'}"
data/test\LEAF\aug_136_leaf.png,LEAF,LEAF,0.6,"{'DIRT', 'GRASS', 'LEAF'}"
data/test\LEAF\aug_425_leaf.png,LEAF,LEAF,0.8,"{'MIX', 'DIRT', 'GRASS', 'LEAF'}"
data/test\LEAF\aug_243_leaf.png,LEAF,LEAF,0.4,"{'DIRT', 'LEAF'}"
data/test\MIX\aug_20_mix.png,MIX,MIX,0.4,"{'MIX', 'LEAF'}"
data/test\LEAF\aug_13_leaf.png,LEAF,LEAF,0.4,"{'DIRT', 'LEAF'}"
data/test\LEAF\aug_310_leaf.png,LEAF,DIRT,0.8,"{'MIX', 'DIRT', 'GRASS', 'LEAF'}"
data/test\DIRT\aug_359_dirt.png,DIRT,DIRT,0.4,"{'DIRT', 'LEAF'}"
data/test\MIX\aug_288_mix.png,MIX,MIX,0.6,"{'MIX', 'DIRT', 'GRASS'}"
data/test\LEAF\aug_192_leaf.png,LEAF,DIRT,0.8,"{'MIX', 'DIRT', 'GRASS', 'LEAF'}"
data/test\LEAF\aug_187_leaf.png,LEAF,LEAF,0.4,"{'DIRT', 'LEAF'}"
data/test\LEAF\aug_480_leaf.png,LEAF,LEAF,0.6,"{'MIX', 'DIRT', 'LEAF'}"
data/test\DIRT\aug_19_dirt.png,DIRT,DIRT,0.4,"{'DIRT', 'LEAF'}"
data/test\DIRT\aug_82_dirt.png,DIRT,DIRT,0.4,"{'DIRT', 'LEAF'}"
data/test\LEAF\aug_222_leaf.png,LEAF,DIRT,0.4,"{'DIRT', 'LEAF'}"
data/test\LEAF\aug_152_leaf.png,LEAF,LEAF,0.4,"{'DIRT', 'LEAF'}"
data/test\MIX\aug_245_mix.png,MIX,MIX,0.6,"{'MIX', 'DIRT', 'LEAF'}"
data/test\LEAF\aug_246_leaf.png,LEAF,LEAF,0.4,"{'DIRT', 'LEAF'}"
data/test\DIRT\aug_125_dirt.png,DIRT,DIRT,0.4,"{'DIRT', 'LEAF'}"
data/test\MIX\aug_384_mix.png,MIX,MIX,0.4,"{'MIX', 'DIRT'}"
data/test\MIX\aug_279_mix.png,MIX,MIX,0.4,"{'MIX', 'DIRT'}"
data/test\LEAF\aug_217_leaf.png,LEAF,DIRT,0.8,"{'MIX', 'DIRT', 'GRASS', 'LEAF'}"
data/test\LEAF\aug_40_leaf.png,LEAF,DIRT,0.4,"{'DIRT', 'LEAF'}"
data/test\LEAF\aug_330_leaf.png,LEAF,DIRT,0.4,"{'DIRT', 'LEAF'}"
data/test\MIX\aug_310_mix.png,MIX,MIX,0.4,"{'MIX', 'DIRT'}"
data/test\LEAF\aug_51_leaf.png,LEAF,GRASS,0.6,"{'DIRT', 'GRASS', 'LEAF'}"
data/test\LEAF\aug_232_leaf.png,LEAF,LEAF,0.4,"{'DIRT', 'LEAF'}"
data/test\LEAF\aug_498_leaf.png,LEAF,DIRT,0.4,"{'DIRT', 'LEAF'}"
data/test\LEAF\aug_347_leaf.png,LEAF,LEAF,0.4,"{'DIRT', 'LEAF'}"
data/test\DIRT\aug_264_dirt.png,DIRT,DIRT,0.6,"{'DIRT', 'GRASS', 'LEAF'}"
data/test\LEAF\aug_429_leaf.png,LEAF,DIRT,0.6,"{'DIRT', 'GRASS', 'LEAF'}"
data/test\LEAF\aug_236_leaf.png,LEAF,LEAF,0.4,"{'DIRT', 'LEAF'}"
data/test\MIX\aug_323_mix.png,MIX,MIX,0.4,"{'MIX', 'DIRT'}"
data/test\DIRT\aug_368_dirt.png,DIRT,DIRT,0.4,"{'DIRT', 'LEAF'}"
data/test\MIX\aug_303_mix.png,MIX,MIX,0.8,"{'MIX', 'DIRT', 'GRASS', 'LEAF'}"
data/test\LEAF\aug_395_leaf.png,LEAF,LEAF,0.6,"{'DIRT', 'GRASS', 'LEAF'}"
data/test\GRASS\aug_296_grass.png,GRASS,GRASS,0.4,"{'GRASS', 'LEAF'}"
data/test\GRASS\aug_284_grass.png,GRASS,GRASS,0.6,"{'DIRT', 'GRASS', 'LEAF'}"
data/test\DIRT\aug_21_dirt.png,DIRT,DIRT,0.6,"{'DIRT', 'GRASS', 'LEAF'}"
data/test\LEAF\aug_431_leaf.png,LEAF,LEAF,0.4,"{'DIRT', 'LEAF'}"
data/test\LEAF\aug_263_leaf.png,LEAF,DIRT,0.4,"{'DIRT', 'LEAF'}"
data/test\GRASS\aug_391_grass.png,GRASS,GRASS,0.6,"{'DIRT', 'GRASS', 'LEAF'}"
data/test\DIRT\aug_452_dirt.png,DIRT,DIRT,0.4,"{'DIRT', 'LEAF'}"
data/test\MIX\aug_51_mix.png,MIX,MIX,0.4,"{'MIX', 'DIRT'}"
data/test\MIX\aug_328_mix.png,MIX,MIX,0.4,"{'MIX', 'DIRT'}"
data/test\LEAF\aug_11_leaf.png,LEAF,LEAF,0.4,"{'DIRT', 'LEAF'}"
data/test\DIRT\aug_237_dirt.png,DIRT,DIRT,0.4,"{'DIRT', 'LEAF'}"
